{
    "6e5b5280-7491-427d-8655-0d6a21c0e97f": {
        "id": "6e5b5280-7491-427d-8655-0d6a21c0e97f",
        "title": "alice in neverland",
        "author": "jeni conrad",
        "genre": "fantasy",
        "image_path": "b144c115-4f51-45be-9893-bd19476d4d0a.png",
        "is_borrowed": true,
        "borrowed_by": "lohit",
        "last_borrowed_date": "2024-01-16 21:01:32.389482",
        "borrowed_date": "2024-01-16 21:01:32.389482"
    },
    "0d2cc2e7-5c13-48a4-9d6f-8fc74f0ef0ae": {
        "id": "0d2cc2e7-5c13-48a4-9d6f-8fc74f0ef0ae",
        "title": "anya and the nightingale",
        "author": "sofiya pasternack",
        "genre": "fantasy",
        "image_path": "078a4c85-b549-4927-bfee-13da4ebc6a41.png",
        "is_borrowed": true,
        "borrowed_by": "lohit",
        "last_borrowed_date": "2024-01-16 21:01:37.221038",
        "borrowed_date": "2024-01-16 21:01:37.221038"
    },
    "82b2b389-467f-4418-b7c6-615c71be6111": {
        "id": "82b2b389-467f-4418-b7c6-615c71be6111",
        "title": "peter pan in wonderland",
        "author": "peter pan in wonderland",
        "genre": "fantasy",
        "image_path": "23500648-0109-4400-9796-2996d954d742.png",
        "is_borrowed": true,
        "borrowed_by": "lohit",
        "last_borrowed_date": "2024-01-16 21:03:04.730102",
        "borrowed_date": "2024-01-16 21:03:04.730102"
    },
    "6ca7de39-46a7-43e3-8cdd-9f3efe873909": {
        "id": "6ca7de39-46a7-43e3-8cdd-9f3efe873909",
        "title": "the moon castle",
        "author": "rowan krysler",
        "genre": "fantasy",
        "image_path": "5d06ae1c-e42e-4fd9-bf81-794e7a7c588d.png",
        "is_borrowed": false,
        "borrowed_by": null,
        "last_borrowed_date": "2024-01-07 16:24:56.775075",
        "borrowed_date": null
    },
    "678ca16e-9a6c-4ac2-bd12-36327a6d3e09": {
        "id": "678ca16e-9a6c-4ac2-bd12-36327a6d3e09",
        "title": "book of sorcery",
        "author": "maria kilton",
        "genre": "fantasy",
        "image_path": "8e223e75-4f0b-48f4-8fa0-a248b03e691d.png",
        "is_borrowed": false,
        "borrowed_by": null,
        "last_borrowed_date": "2024-01-04 10:35:45.001138",
        "borrowed_date": null
    },
    "2f37b76a-d2eb-4d2c-a026-322cd04a9f92": {
        "id": "2f37b76a-d2eb-4d2c-a026-322cd04a9f92",
        "title": "a pad in the straw ",
        "author": "christopher woodforde",
        "genre": "horror",
        "image_path": "8cce2f79-1d0c-4c4a-b2e6-d816a3c3f1b0.png",
        "is_borrowed": true,
        "borrowed_by": "yogesh",
        "last_borrowed_date": "2024-01-07 16:23:02.471446",
        "borrowed_date": "2024-01-07 16:23:02.471446"
    },
    "3886d8cb-e231-4957-bed5-ee5174876b4b": {
        "id": "3886d8cb-e231-4957-bed5-ee5174876b4b",
        "title": "numins curse",
        "author": "roger lewis",
        "genre": "horror",
        "image_path": "bf949bd7-63a6-4f22-b482-6421996bf238.png",
        "is_borrowed": false,
        "borrowed_by": null
    },
    "7fc6e7ea-ff5f-4d9a-912f-c6fe7e510dcd": {
        "id": "7fc6e7ea-ff5f-4d9a-912f-c6fe7e510dcd",
        "title": "cold terror",
        "author": "chetwynd hayes",
        "genre": "horror",
        "image_path": "e9f3f033-b141-4ec5-bade-299e2aa2378c.jpg",
        "is_borrowed": false,
        "borrowed_by": null
    },
    "19621060-6b98-4b87-9132-3c312d518592": {
        "id": "19621060-6b98-4b87-9132-3c312d518592",
        "title": "ghouls in my grave",
        "author": "jean ray",
        "genre": "horror",
        "image_path": "74f13923-18e0-4ff9-bb15-76f9ed8bc2fa.png",
        "is_borrowed": false,
        "borrowed_by": null
    },
    "d4a1370b-b762-4382-84d3-2901d174f87d": {
        "id": "d4a1370b-b762-4382-84d3-2901d174f87d",
        "title": "the alchemist",
        "author": "les whitten",
        "genre": "horror",
        "image_path": "8d393da6-87d8-4c1a-8139-a0ce799712c7.png",
        "is_borrowed": false,
        "borrowed_by": null,
        "last_borrowed_date": "2024-01-07 16:25:02.230911",
        "borrowed_date": null
    },
    "94de1054-2ba9-4ea2-add2-935665b8fbdb": {
        "id": "94de1054-2ba9-4ea2-add2-935665b8fbdb",
        "title": "shady hollow",
        "author": "juneau black",
        "genre": "mystery",
        "image_path": "a30dab1a-cd4b-4d96-9423-ba8d6f20103a.png",
        "is_borrowed": true,
        "borrowed_by": "yogesh",
        "last_borrowed_date": "2024-01-07 16:22:36.833985",
        "borrowed_date": "2024-01-07 16:22:36.833985"
    },
    "db632fb3-6eca-4f24-9d55-e2cb868ee7bb": {
        "id": "db632fb3-6eca-4f24-9d55-e2cb868ee7bb",
        "title": "the uncrowned queen",
        "author": "lucy steele",
        "genre": "mystery",
        "image_path": "4393e88e-19e0-44cc-a21d-7166a2e5281d.png",
        "is_borrowed": false,
        "borrowed_by": null
    },
    "ea8455e3-22c2-4bfe-94f8-c2720d67577c": {
        "id": "ea8455e3-22c2-4bfe-94f8-c2720d67577c",
        "title": "the enchanted sonata",
        "author": "heather dixon",
        "genre": "mystery",
        "image_path": "7575c737-17b3-4bb1-8ed5-46d19e450297.png",
        "is_borrowed": false,
        "borrowed_by": null
    },
    "b04e1a98-4bf8-475b-84ed-77f8da6285a7": {
        "id": "b04e1a98-4bf8-475b-84ed-77f8da6285a7",
        "title": "from dusk to dawn",
        "author": "t r tells",
        "genre": "mystery",
        "image_path": "49a40605-07f6-49ef-ba80-f594f203e669.png",
        "is_borrowed": false,
        "borrowed_by": null
    },
    "53067627-7e5b-459a-913a-55af10cb943f": {
        "id": "53067627-7e5b-459a-913a-55af10cb943f",
        "title": "house of agony",
        "author": "brandi elledge",
        "genre": "mystery",
        "image_path": "8799dadf-adfb-46fa-895b-44ebecb07862.png",
        "is_borrowed": false,
        "borrowed_by": null
    },
    "c04c7eb6-8387-4786-8d65-d70616ca9091": {
        "id": "c04c7eb6-8387-4786-8d65-d70616ca9091",
        "title": "beyond the filigree wall",
        "author": "rivenwilde",
        "genre": "romance",
        "image_path": "7b1ddc36-00b9-4984-985d-f3d60c0acecd.png",
        "is_borrowed": false,
        "borrowed_by": null,
        "last_borrowed_date": "2023-12-24 03:00:27.534550",
        "borrowed_date": null
    },
    "a2b15c09-827f-4814-ba47-6e7220bc25e1": {
        "id": "a2b15c09-827f-4814-ba47-6e7220bc25e1",
        "title": "blood tyrant",
        "author": "samantha coville",
        "genre": "romance",
        "image_path": "976aaedf-a1da-44d6-9065-ae19b0b84429.png",
        "is_borrowed": false,
        "borrowed_by": null
    },
    "987bf6b8-d54d-4826-9a5a-87d14e033358": {
        "id": "987bf6b8-d54d-4826-9a5a-87d14e033358",
        "title": "finn rhodes forever",
        "author": "stephanie archer",
        "genre": "romance",
        "image_path": "d6a9877e-14b5-44bd-a825-188cb74d3210.png",
        "is_borrowed": false,
        "borrowed_by": null
    },
    "285b8503-1a60-44f6-9503-48e6760d00cd": {
        "id": "285b8503-1a60-44f6-9503-48e6760d00cd",
        "title": "ruthless vows",
        "author": "rebecca ross",
        "genre": "romance",
        "image_path": "9b086469-3637-48fd-87aa-82acc38c60b4.png",
        "is_borrowed": false,
        "borrowed_by": null
    },
    "bc590b1e-b9e3-464c-8ca0-ec482b2b7cd9": {
        "id": "bc590b1e-b9e3-464c-8ca0-ec482b2b7cd9",
        "title": "the dream runners",
        "author": "shveta thakrar",
        "genre": "romance",
        "image_path": "08f349cd-4f4d-4ac2-8ba6-1f20e3646f71.png",
        "is_borrowed": false,
        "borrowed_by": null
    }
}